image_path,right_lung_mask_path,left_lung_mask_path
D:\work\03_intership\AI intro\7. Retele Complet Convolutionale\Date radiografii pulmonare\imagini\MCUCXR_0001_0.png,D:\work\03_intership\AI intro\7. Retele Complet Convolutionale\Date radiografii pulmonare\segmentari\plamanul drept\MCUCXR_0001_0.png,D:\work\03_intership\AI intro\7. Retele Complet Convolutionale\Date radiografii pulmonare\segmentari\plamanul stang\MCUCXR_0001_0.png
D:\work\03_intership\AI intro\7. Retele Complet Convolutionale\Date radiografii pulmonare\imagini\MCUCXR_0002_0.png,D:\work\03_intership\AI intro\7. Retele Complet Convolutionale\Date radiografii pulmonare\segmentari\plamanul drept\MCUCXR_0002_0.png,D:\work\03_intership\AI intro\7. Retele Complet Convolutionale\Date radiografii pulmonare\segmentari\plamanul stang\MCUCXR_0002_0.png
D:\work\03_intership\AI intro\7. Retele Complet Convolutionale\Date radiografii pulmonare\imagini\MCUCXR_0003_0.png,D:\work\03_intership\AI intro\7. Retele Complet Convolutionale\Date radiografii pulmonare\segmentari\plamanul drept\MCUCXR_0003_0.png,D:\work\03_intership\AI intro\7. Retele Complet Convolutionale\Date radiografii pulmonare\segmentari\plamanul stang\MCUCXR_0003_0.png
D:\work\03_intership\AI intro\7. Retele Complet Convolutionale\Date radiografii pulmonare\imagini\MCUCXR_0004_0.png,D:\work\03_intership\AI intro\7. Retele Complet Convolutionale\Date radiografii pulmonare\segmentari\plamanul drept\MCUCXR_0004_0.png,D:\work\03_intership\AI intro\7. Retele Complet Convolutionale\Date radiografii pulmonare\segmentari\plamanul stang\MCUCXR_0004_0.png
D:\work\03_intership\AI intro\7. Retele Complet Convolutionale\Date radiografii pulmonare\imagini\MCUCXR_0005_0.png,D:\work\03_intership\AI intro\7. Retele Complet Convolutionale\Date radiografii pulmonare\segmentari\plamanul drept\MCUCXR_0005_0.png,D:\work\03_intership\AI intro\7. Retele Complet Convolutionale\Date radiografii pulmonare\segmentari\plamanul stang\MCUCXR_0005_0.png
D:\work\03_intership\AI intro\7. Retele Complet Convolutionale\Date radiografii pulmonare\imagini\MCUCXR_0006_0.png,D:\work\03_intership\AI intro\7. Retele Complet Convolutionale\Date radiografii pulmonare\segmentari\plamanul drept\MCUCXR_0006_0.png,D:\work\03_intership\AI intro\7. Retele Complet Convolutionale\Date radiografii pulmonare\segmentari\plamanul stang\MCUCXR_0006_0.png
D:\work\03_intership\AI intro\7. Retele Complet Convolutionale\Date radiografii pulmonare\imagini\MCUCXR_0008_0.png,D:\work\03_intership\AI intro\7. Retele Complet Convolutionale\Date radiografii pulmonare\segmentari\plamanul drept\MCUCXR_0008_0.png,D:\work\03_intership\AI intro\7. Retele Complet Convolutionale\Date radiografii pulmonare\segmentari\plamanul stang\MCUCXR_0008_0.png
D:\work\03_intership\AI intro\7. Retele Complet Convolutionale\Date radiografii pulmonare\imagini\MCUCXR_0011_0.png,D:\work\03_intership\AI intro\7. Retele Complet Convolutionale\Date radiografii pulmonare\segmentari\plamanul drept\MCUCXR_0011_0.png,D:\work\03_intership\AI intro\7. Retele Complet Convolutionale\Date radiografii pulmonare\segmentari\plamanul stang\MCUCXR_0011_0.png
D:\work\03_intership\AI intro\7. Retele Complet Convolutionale\Date radiografii pulmonare\imagini\MCUCXR_0013_0.png,D:\work\03_intership\AI intro\7. Retele Complet Convolutionale\Date radiografii pulmonare\segmentari\plamanul drept\MCUCXR_0013_0.png,D:\work\03_intership\AI intro\7. Retele Complet Convolutionale\Date radiografii pulmonare\segmentari\plamanul stang\MCUCXR_0013_0.png
D:\work\03_intership\AI intro\7. Retele Complet Convolutionale\Date radiografii pulmonare\imagini\MCUCXR_0015_0.png,D:\work\03_intership\AI intro\7. Retele Complet Convolutionale\Date radiografii pulmonare\segmentari\plamanul drept\MCUCXR_0015_0.png,D:\work\03_intership\AI intro\7. Retele Complet Convolutionale\Date radiografii pulmonare\segmentari\plamanul stang\MCUCXR_0015_0.png
D:\work\03_intership\AI intro\7. Retele Complet Convolutionale\Date radiografii pulmonare\imagini\MCUCXR_0016_0.png,D:\work\03_intership\AI intro\7. Retele Complet Convolutionale\Date radiografii pulmonare\segmentari\plamanul drept\MCUCXR_0016_0.png,D:\work\03_intership\AI intro\7. Retele Complet Convolutionale\Date radiografii pulmonare\segmentari\plamanul stang\MCUCXR_0016_0.png
D:\work\03_intership\AI intro\7. Retele Complet Convolutionale\Date radiografii pulmonare\imagini\MCUCXR_0017_0.png,D:\work\03_intership\AI intro\7. Retele Complet Convolutionale\Date radiografii pulmonare\segmentari\plamanul drept\MCUCXR_0017_0.png,D:\work\03_intership\AI intro\7. Retele Complet Convolutionale\Date radiografii pulmonare\segmentari\plamanul stang\MCUCXR_0017_0.png
D:\work\03_intership\AI intro\7. Retele Complet Convolutionale\Date radiografii pulmonare\imagini\MCUCXR_0019_0.png,D:\work\03_intership\AI intro\7. Retele Complet Convolutionale\Date radiografii pulmonare\segmentari\plamanul drept\MCUCXR_0019_0.png,D:\work\03_intership\AI intro\7. Retele Complet Convolutionale\Date radiografii pulmonare\segmentari\plamanul stang\MCUCXR_0019_0.png
D:\work\03_intership\AI intro\7. Retele Complet Convolutionale\Date radiografii pulmonare\imagini\MCUCXR_0020_0.png,D:\work\03_intership\AI intro\7. Retele Complet Convolutionale\Date radiografii pulmonare\segmentari\plamanul drept\MCUCXR_0020_0.png,D:\work\03_intership\AI intro\7. Retele Complet Convolutionale\Date radiografii pulmonare\segmentari\plamanul stang\MCUCXR_0020_0.png
D:\work\03_intership\AI intro\7. Retele Complet Convolutionale\Date radiografii pulmonare\imagini\MCUCXR_0021_0.png,D:\work\03_intership\AI intro\7. Retele Complet Convolutionale\Date radiografii pulmonare\segmentari\plamanul drept\MCUCXR_0021_0.png,D:\work\03_intership\AI intro\7. Retele Complet Convolutionale\Date radiografii pulmonare\segmentari\plamanul stang\MCUCXR_0021_0.png
D:\work\03_intership\AI intro\7. Retele Complet Convolutionale\Date radiografii pulmonare\imagini\MCUCXR_0022_0.png,D:\work\03_intership\AI intro\7. Retele Complet Convolutionale\Date radiografii pulmonare\segmentari\plamanul drept\MCUCXR_0022_0.png,D:\work\03_intership\AI intro\7. Retele Complet Convolutionale\Date radiografii pulmonare\segmentari\plamanul stang\MCUCXR_0022_0.png
D:\work\03_intership\AI intro\7. Retele Complet Convolutionale\Date radiografii pulmonare\imagini\MCUCXR_0023_0.png,D:\work\03_intership\AI intro\7. Retele Complet Convolutionale\Date radiografii pulmonare\segmentari\plamanul drept\MCUCXR_0023_0.png,D:\work\03_intership\AI intro\7. Retele Complet Convolutionale\Date radiografii pulmonare\segmentari\plamanul stang\MCUCXR_0023_0.png
D:\work\03_intership\AI intro\7. Retele Complet Convolutionale\Date radiografii pulmonare\imagini\MCUCXR_0024_0.png,D:\work\03_intership\AI intro\7. Retele Complet Convolutionale\Date radiografii pulmonare\segmentari\plamanul drept\MCUCXR_0024_0.png,D:\work\03_intership\AI intro\7. Retele Complet Convolutionale\Date radiografii pulmonare\segmentari\plamanul stang\MCUCXR_0024_0.png
D:\work\03_intership\AI intro\7. Retele Complet Convolutionale\Date radiografii pulmonare\imagini\MCUCXR_0026_0.png,D:\work\03_intership\AI intro\7. Retele Complet Convolutionale\Date radiografii pulmonare\segmentari\plamanul drept\MCUCXR_0026_0.png,D:\work\03_intership\AI intro\7. Retele Complet Convolutionale\Date radiografii pulmonare\segmentari\plamanul stang\MCUCXR_0026_0.png
D:\work\03_intership\AI intro\7. Retele Complet Convolutionale\Date radiografii pulmonare\imagini\MCUCXR_0027_0.png,D:\work\03_intership\AI intro\7. Retele Complet Convolutionale\Date radiografii pulmonare\segmentari\plamanul drept\MCUCXR_0027_0.png,D:\work\03_intership\AI intro\7. Retele Complet Convolutionale\Date radiografii pulmonare\segmentari\plamanul stang\MCUCXR_0027_0.png
D:\work\03_intership\AI intro\7. Retele Complet Convolutionale\Date radiografii pulmonare\imagini\MCUCXR_0028_0.png,D:\work\03_intership\AI intro\7. Retele Complet Convolutionale\Date radiografii pulmonare\segmentari\plamanul drept\MCUCXR_0028_0.png,D:\work\03_intership\AI intro\7. Retele Complet Convolutionale\Date radiografii pulmonare\segmentari\plamanul stang\MCUCXR_0028_0.png
D:\work\03_intership\AI intro\7. Retele Complet Convolutionale\Date radiografii pulmonare\imagini\MCUCXR_0029_0.png,D:\work\03_intership\AI intro\7. Retele Complet Convolutionale\Date radiografii pulmonare\segmentari\plamanul drept\MCUCXR_0029_0.png,D:\work\03_intership\AI intro\7. Retele Complet Convolutionale\Date radiografii pulmonare\segmentari\plamanul stang\MCUCXR_0029_0.png
D:\work\03_intership\AI intro\7. Retele Complet Convolutionale\Date radiografii pulmonare\imagini\MCUCXR_0030_0.png,D:\work\03_intership\AI intro\7. Retele Complet Convolutionale\Date radiografii pulmonare\segmentari\plamanul drept\MCUCXR_0030_0.png,D:\work\03_intership\AI intro\7. Retele Complet Convolutionale\Date radiografii pulmonare\segmentari\plamanul stang\MCUCXR_0030_0.png
D:\work\03_intership\AI intro\7. Retele Complet Convolutionale\Date radiografii pulmonare\imagini\MCUCXR_0031_0.png,D:\work\03_intership\AI intro\7. Retele Complet Convolutionale\Date radiografii pulmonare\segmentari\plamanul drept\MCUCXR_0031_0.png,D:\work\03_intership\AI intro\7. Retele Complet Convolutionale\Date radiografii pulmonare\segmentari\plamanul stang\MCUCXR_0031_0.png
D:\work\03_intership\AI intro\7. Retele Complet Convolutionale\Date radiografii pulmonare\imagini\MCUCXR_0035_0.png,D:\work\03_intership\AI intro\7. Retele Complet Convolutionale\Date radiografii pulmonare\segmentari\plamanul drept\MCUCXR_0035_0.png,D:\work\03_intership\AI intro\7. Retele Complet Convolutionale\Date radiografii pulmonare\segmentari\plamanul stang\MCUCXR_0035_0.png
D:\work\03_intership\AI intro\7. Retele Complet Convolutionale\Date radiografii pulmonare\imagini\MCUCXR_0038_0.png,D:\work\03_intership\AI intro\7. Retele Complet Convolutionale\Date radiografii pulmonare\segmentari\plamanul drept\MCUCXR_0038_0.png,D:\work\03_intership\AI intro\7. Retele Complet Convolutionale\Date radiografii pulmonare\segmentari\plamanul stang\MCUCXR_0038_0.png
D:\work\03_intership\AI intro\7. Retele Complet Convolutionale\Date radiografii pulmonare\imagini\MCUCXR_0040_0.png,D:\work\03_intership\AI intro\7. Retele Complet Convolutionale\Date radiografii pulmonare\segmentari\plamanul drept\MCUCXR_0040_0.png,D:\work\03_intership\AI intro\7. Retele Complet Convolutionale\Date radiografii pulmonare\segmentari\plamanul stang\MCUCXR_0040_0.png
D:\work\03_intership\AI intro\7. Retele Complet Convolutionale\Date radiografii pulmonare\imagini\MCUCXR_0041_0.png,D:\work\03_intership\AI intro\7. Retele Complet Convolutionale\Date radiografii pulmonare\segmentari\plamanul drept\MCUCXR_0041_0.png,D:\work\03_intership\AI intro\7. Retele Complet Convolutionale\Date radiografii pulmonare\segmentari\plamanul stang\MCUCXR_0041_0.png
D:\work\03_intership\AI intro\7. Retele Complet Convolutionale\Date radiografii pulmonare\imagini\MCUCXR_0042_0.png,D:\work\03_intership\AI intro\7. Retele Complet Convolutionale\Date radiografii pulmonare\segmentari\plamanul drept\MCUCXR_0042_0.png,D:\work\03_intership\AI intro\7. Retele Complet Convolutionale\Date radiografii pulmonare\segmentari\plamanul stang\MCUCXR_0042_0.png
D:\work\03_intership\AI intro\7. Retele Complet Convolutionale\Date radiografii pulmonare\imagini\MCUCXR_0043_0.png,D:\work\03_intership\AI intro\7. Retele Complet Convolutionale\Date radiografii pulmonare\segmentari\plamanul drept\MCUCXR_0043_0.png,D:\work\03_intership\AI intro\7. Retele Complet Convolutionale\Date radiografii pulmonare\segmentari\plamanul stang\MCUCXR_0043_0.png
D:\work\03_intership\AI intro\7. Retele Complet Convolutionale\Date radiografii pulmonare\imagini\MCUCXR_0044_0.png,D:\work\03_intership\AI intro\7. Retele Complet Convolutionale\Date radiografii pulmonare\segmentari\plamanul drept\MCUCXR_0044_0.png,D:\work\03_intership\AI intro\7. Retele Complet Convolutionale\Date radiografii pulmonare\segmentari\plamanul stang\MCUCXR_0044_0.png
D:\work\03_intership\AI intro\7. Retele Complet Convolutionale\Date radiografii pulmonare\imagini\MCUCXR_0045_0.png,D:\work\03_intership\AI intro\7. Retele Complet Convolutionale\Date radiografii pulmonare\segmentari\plamanul drept\MCUCXR_0045_0.png,D:\work\03_intership\AI intro\7. Retele Complet Convolutionale\Date radiografii pulmonare\segmentari\plamanul stang\MCUCXR_0045_0.png
D:\work\03_intership\AI intro\7. Retele Complet Convolutionale\Date radiografii pulmonare\imagini\MCUCXR_0046_0.png,D:\work\03_intership\AI intro\7. Retele Complet Convolutionale\Date radiografii pulmonare\segmentari\plamanul drept\MCUCXR_0046_0.png,D:\work\03_intership\AI intro\7. Retele Complet Convolutionale\Date radiografii pulmonare\segmentari\plamanul stang\MCUCXR_0046_0.png
D:\work\03_intership\AI intro\7. Retele Complet Convolutionale\Date radiografii pulmonare\imagini\MCUCXR_0047_0.png,D:\work\03_intership\AI intro\7. Retele Complet Convolutionale\Date radiografii pulmonare\segmentari\plamanul drept\MCUCXR_0047_0.png,D:\work\03_intership\AI intro\7. Retele Complet Convolutionale\Date radiografii pulmonare\segmentari\plamanul stang\MCUCXR_0047_0.png
D:\work\03_intership\AI intro\7. Retele Complet Convolutionale\Date radiografii pulmonare\imagini\MCUCXR_0048_0.png,D:\work\03_intership\AI intro\7. Retele Complet Convolutionale\Date radiografii pulmonare\segmentari\plamanul drept\MCUCXR_0048_0.png,D:\work\03_intership\AI intro\7. Retele Complet Convolutionale\Date radiografii pulmonare\segmentari\plamanul stang\MCUCXR_0048_0.png
D:\work\03_intership\AI intro\7. Retele Complet Convolutionale\Date radiografii pulmonare\imagini\MCUCXR_0049_0.png,D:\work\03_intership\AI intro\7. Retele Complet Convolutionale\Date radiografii pulmonare\segmentari\plamanul drept\MCUCXR_0049_0.png,D:\work\03_intership\AI intro\7. Retele Complet Convolutionale\Date radiografii pulmonare\segmentari\plamanul stang\MCUCXR_0049_0.png
D:\work\03_intership\AI intro\7. Retele Complet Convolutionale\Date radiografii pulmonare\imagini\MCUCXR_0051_0.png,D:\work\03_intership\AI intro\7. Retele Complet Convolutionale\Date radiografii pulmonare\segmentari\plamanul drept\MCUCXR_0051_0.png,D:\work\03_intership\AI intro\7. Retele Complet Convolutionale\Date radiografii pulmonare\segmentari\plamanul stang\MCUCXR_0051_0.png
D:\work\03_intership\AI intro\7. Retele Complet Convolutionale\Date radiografii pulmonare\imagini\MCUCXR_0052_0.png,D:\work\03_intership\AI intro\7. Retele Complet Convolutionale\Date radiografii pulmonare\segmentari\plamanul drept\MCUCXR_0052_0.png,D:\work\03_intership\AI intro\7. Retele Complet Convolutionale\Date radiografii pulmonare\segmentari\plamanul stang\MCUCXR_0052_0.png
D:\work\03_intership\AI intro\7. Retele Complet Convolutionale\Date radiografii pulmonare\imagini\MCUCXR_0053_0.png,D:\work\03_intership\AI intro\7. Retele Complet Convolutionale\Date radiografii pulmonare\segmentari\plamanul drept\MCUCXR_0053_0.png,D:\work\03_intership\AI intro\7. Retele Complet Convolutionale\Date radiografii pulmonare\segmentari\plamanul stang\MCUCXR_0053_0.png
D:\work\03_intership\AI intro\7. Retele Complet Convolutionale\Date radiografii pulmonare\imagini\MCUCXR_0054_0.png,D:\work\03_intership\AI intro\7. Retele Complet Convolutionale\Date radiografii pulmonare\segmentari\plamanul drept\MCUCXR_0054_0.png,D:\work\03_intership\AI intro\7. Retele Complet Convolutionale\Date radiografii pulmonare\segmentari\plamanul stang\MCUCXR_0054_0.png
D:\work\03_intership\AI intro\7. Retele Complet Convolutionale\Date radiografii pulmonare\imagini\MCUCXR_0055_0.png,D:\work\03_intership\AI intro\7. Retele Complet Convolutionale\Date radiografii pulmonare\segmentari\plamanul drept\MCUCXR_0055_0.png,D:\work\03_intership\AI intro\7. Retele Complet Convolutionale\Date radiografii pulmonare\segmentari\plamanul stang\MCUCXR_0055_0.png
D:\work\03_intership\AI intro\7. Retele Complet Convolutionale\Date radiografii pulmonare\imagini\MCUCXR_0056_0.png,D:\work\03_intership\AI intro\7. Retele Complet Convolutionale\Date radiografii pulmonare\segmentari\plamanul drept\MCUCXR_0056_0.png,D:\work\03_intership\AI intro\7. Retele Complet Convolutionale\Date radiografii pulmonare\segmentari\plamanul stang\MCUCXR_0056_0.png
D:\work\03_intership\AI intro\7. Retele Complet Convolutionale\Date radiografii pulmonare\imagini\MCUCXR_0057_0.png,D:\work\03_intership\AI intro\7. Retele Complet Convolutionale\Date radiografii pulmonare\segmentari\plamanul drept\MCUCXR_0057_0.png,D:\work\03_intership\AI intro\7. Retele Complet Convolutionale\Date radiografii pulmonare\segmentari\plamanul stang\MCUCXR_0057_0.png
D:\work\03_intership\AI intro\7. Retele Complet Convolutionale\Date radiografii pulmonare\imagini\MCUCXR_0058_0.png,D:\work\03_intership\AI intro\7. Retele Complet Convolutionale\Date radiografii pulmonare\segmentari\plamanul drept\MCUCXR_0058_0.png,D:\work\03_intership\AI intro\7. Retele Complet Convolutionale\Date radiografii pulmonare\segmentari\plamanul stang\MCUCXR_0058_0.png
D:\work\03_intership\AI intro\7. Retele Complet Convolutionale\Date radiografii pulmonare\imagini\MCUCXR_0059_0.png,D:\work\03_intership\AI intro\7. Retele Complet Convolutionale\Date radiografii pulmonare\segmentari\plamanul drept\MCUCXR_0059_0.png,D:\work\03_intership\AI intro\7. Retele Complet Convolutionale\Date radiografii pulmonare\segmentari\plamanul stang\MCUCXR_0059_0.png
D:\work\03_intership\AI intro\7. Retele Complet Convolutionale\Date radiografii pulmonare\imagini\MCUCXR_0060_0.png,D:\work\03_intership\AI intro\7. Retele Complet Convolutionale\Date radiografii pulmonare\segmentari\plamanul drept\MCUCXR_0060_0.png,D:\work\03_intership\AI intro\7. Retele Complet Convolutionale\Date radiografii pulmonare\segmentari\plamanul stang\MCUCXR_0060_0.png
D:\work\03_intership\AI intro\7. Retele Complet Convolutionale\Date radiografii pulmonare\imagini\MCUCXR_0061_0.png,D:\work\03_intership\AI intro\7. Retele Complet Convolutionale\Date radiografii pulmonare\segmentari\plamanul drept\MCUCXR_0061_0.png,D:\work\03_intership\AI intro\7. Retele Complet Convolutionale\Date radiografii pulmonare\segmentari\plamanul stang\MCUCXR_0061_0.png
D:\work\03_intership\AI intro\7. Retele Complet Convolutionale\Date radiografii pulmonare\imagini\MCUCXR_0062_0.png,D:\work\03_intership\AI intro\7. Retele Complet Convolutionale\Date radiografii pulmonare\segmentari\plamanul drept\MCUCXR_0062_0.png,D:\work\03_intership\AI intro\7. Retele Complet Convolutionale\Date radiografii pulmonare\segmentari\plamanul stang\MCUCXR_0062_0.png
D:\work\03_intership\AI intro\7. Retele Complet Convolutionale\Date radiografii pulmonare\imagini\MCUCXR_0063_0.png,D:\work\03_intership\AI intro\7. Retele Complet Convolutionale\Date radiografii pulmonare\segmentari\plamanul drept\MCUCXR_0063_0.png,D:\work\03_intership\AI intro\7. Retele Complet Convolutionale\Date radiografii pulmonare\segmentari\plamanul stang\MCUCXR_0063_0.png
D:\work\03_intership\AI intro\7. Retele Complet Convolutionale\Date radiografii pulmonare\imagini\MCUCXR_0064_0.png,D:\work\03_intership\AI intro\7. Retele Complet Convolutionale\Date radiografii pulmonare\segmentari\plamanul drept\MCUCXR_0064_0.png,D:\work\03_intership\AI intro\7. Retele Complet Convolutionale\Date radiografii pulmonare\segmentari\plamanul stang\MCUCXR_0064_0.png
D:\work\03_intership\AI intro\7. Retele Complet Convolutionale\Date radiografii pulmonare\imagini\MCUCXR_0068_0.png,D:\work\03_intership\AI intro\7. Retele Complet Convolutionale\Date radiografii pulmonare\segmentari\plamanul drept\MCUCXR_0068_0.png,D:\work\03_intership\AI intro\7. Retele Complet Convolutionale\Date radiografii pulmonare\segmentari\plamanul stang\MCUCXR_0068_0.png
D:\work\03_intership\AI intro\7. Retele Complet Convolutionale\Date radiografii pulmonare\imagini\MCUCXR_0069_0.png,D:\work\03_intership\AI intro\7. Retele Complet Convolutionale\Date radiografii pulmonare\segmentari\plamanul drept\MCUCXR_0069_0.png,D:\work\03_intership\AI intro\7. Retele Complet Convolutionale\Date radiografii pulmonare\segmentari\plamanul stang\MCUCXR_0069_0.png
D:\work\03_intership\AI intro\7. Retele Complet Convolutionale\Date radiografii pulmonare\imagini\MCUCXR_0070_0.png,D:\work\03_intership\AI intro\7. Retele Complet Convolutionale\Date radiografii pulmonare\segmentari\plamanul drept\MCUCXR_0070_0.png,D:\work\03_intership\AI intro\7. Retele Complet Convolutionale\Date radiografii pulmonare\segmentari\plamanul stang\MCUCXR_0070_0.png
D:\work\03_intership\AI intro\7. Retele Complet Convolutionale\Date radiografii pulmonare\imagini\MCUCXR_0071_0.png,D:\work\03_intership\AI intro\7. Retele Complet Convolutionale\Date radiografii pulmonare\segmentari\plamanul drept\MCUCXR_0071_0.png,D:\work\03_intership\AI intro\7. Retele Complet Convolutionale\Date radiografii pulmonare\segmentari\plamanul stang\MCUCXR_0071_0.png
D:\work\03_intership\AI intro\7. Retele Complet Convolutionale\Date radiografii pulmonare\imagini\MCUCXR_0072_0.png,D:\work\03_intership\AI intro\7. Retele Complet Convolutionale\Date radiografii pulmonare\segmentari\plamanul drept\MCUCXR_0072_0.png,D:\work\03_intership\AI intro\7. Retele Complet Convolutionale\Date radiografii pulmonare\segmentari\plamanul stang\MCUCXR_0072_0.png
D:\work\03_intership\AI intro\7. Retele Complet Convolutionale\Date radiografii pulmonare\imagini\MCUCXR_0074_0.png,D:\work\03_intership\AI intro\7. Retele Complet Convolutionale\Date radiografii pulmonare\segmentari\plamanul drept\MCUCXR_0074_0.png,D:\work\03_intership\AI intro\7. Retele Complet Convolutionale\Date radiografii pulmonare\segmentari\plamanul stang\MCUCXR_0074_0.png
D:\work\03_intership\AI intro\7. Retele Complet Convolutionale\Date radiografii pulmonare\imagini\MCUCXR_0075_0.png,D:\work\03_intership\AI intro\7. Retele Complet Convolutionale\Date radiografii pulmonare\segmentari\plamanul drept\MCUCXR_0075_0.png,D:\work\03_intership\AI intro\7. Retele Complet Convolutionale\Date radiografii pulmonare\segmentari\plamanul stang\MCUCXR_0075_0.png
D:\work\03_intership\AI intro\7. Retele Complet Convolutionale\Date radiografii pulmonare\imagini\MCUCXR_0077_0.png,D:\work\03_intership\AI intro\7. Retele Complet Convolutionale\Date radiografii pulmonare\segmentari\plamanul drept\MCUCXR_0077_0.png,D:\work\03_intership\AI intro\7. Retele Complet Convolutionale\Date radiografii pulmonare\segmentari\plamanul stang\MCUCXR_0077_0.png
D:\work\03_intership\AI intro\7. Retele Complet Convolutionale\Date radiografii pulmonare\imagini\MCUCXR_0079_0.png,D:\work\03_intership\AI intro\7. Retele Complet Convolutionale\Date radiografii pulmonare\segmentari\plamanul drept\MCUCXR_0079_0.png,D:\work\03_intership\AI intro\7. Retele Complet Convolutionale\Date radiografii pulmonare\segmentari\plamanul stang\MCUCXR_0079_0.png
D:\work\03_intership\AI intro\7. Retele Complet Convolutionale\Date radiografii pulmonare\imagini\MCUCXR_0080_0.png,D:\work\03_intership\AI intro\7. Retele Complet Convolutionale\Date radiografii pulmonare\segmentari\plamanul drept\MCUCXR_0080_0.png,D:\work\03_intership\AI intro\7. Retele Complet Convolutionale\Date radiografii pulmonare\segmentari\plamanul stang\MCUCXR_0080_0.png
D:\work\03_intership\AI intro\7. Retele Complet Convolutionale\Date radiografii pulmonare\imagini\MCUCXR_0081_0.png,D:\work\03_intership\AI intro\7. Retele Complet Convolutionale\Date radiografii pulmonare\segmentari\plamanul drept\MCUCXR_0081_0.png,D:\work\03_intership\AI intro\7. Retele Complet Convolutionale\Date radiografii pulmonare\segmentari\plamanul stang\MCUCXR_0081_0.png
D:\work\03_intership\AI intro\7. Retele Complet Convolutionale\Date radiografii pulmonare\imagini\MCUCXR_0082_0.png,D:\work\03_intership\AI intro\7. Retele Complet Convolutionale\Date radiografii pulmonare\segmentari\plamanul drept\MCUCXR_0082_0.png,D:\work\03_intership\AI intro\7. Retele Complet Convolutionale\Date radiografii pulmonare\segmentari\plamanul stang\MCUCXR_0082_0.png
D:\work\03_intership\AI intro\7. Retele Complet Convolutionale\Date radiografii pulmonare\imagini\MCUCXR_0083_0.png,D:\work\03_intership\AI intro\7. Retele Complet Convolutionale\Date radiografii pulmonare\segmentari\plamanul drept\MCUCXR_0083_0.png,D:\work\03_intership\AI intro\7. Retele Complet Convolutionale\Date radiografii pulmonare\segmentari\plamanul stang\MCUCXR_0083_0.png
D:\work\03_intership\AI intro\7. Retele Complet Convolutionale\Date radiografii pulmonare\imagini\MCUCXR_0084_0.png,D:\work\03_intership\AI intro\7. Retele Complet Convolutionale\Date radiografii pulmonare\segmentari\plamanul drept\MCUCXR_0084_0.png,D:\work\03_intership\AI intro\7. Retele Complet Convolutionale\Date radiografii pulmonare\segmentari\plamanul stang\MCUCXR_0084_0.png
D:\work\03_intership\AI intro\7. Retele Complet Convolutionale\Date radiografii pulmonare\imagini\MCUCXR_0085_0.png,D:\work\03_intership\AI intro\7. Retele Complet Convolutionale\Date radiografii pulmonare\segmentari\plamanul drept\MCUCXR_0085_0.png,D:\work\03_intership\AI intro\7. Retele Complet Convolutionale\Date radiografii pulmonare\segmentari\plamanul stang\MCUCXR_0085_0.png
D:\work\03_intership\AI intro\7. Retele Complet Convolutionale\Date radiografii pulmonare\imagini\MCUCXR_0086_0.png,D:\work\03_intership\AI intro\7. Retele Complet Convolutionale\Date radiografii pulmonare\segmentari\plamanul drept\MCUCXR_0086_0.png,D:\work\03_intership\AI intro\7. Retele Complet Convolutionale\Date radiografii pulmonare\segmentari\plamanul stang\MCUCXR_0086_0.png
D:\work\03_intership\AI intro\7. Retele Complet Convolutionale\Date radiografii pulmonare\imagini\MCUCXR_0087_0.png,D:\work\03_intership\AI intro\7. Retele Complet Convolutionale\Date radiografii pulmonare\segmentari\plamanul drept\MCUCXR_0087_0.png,D:\work\03_intership\AI intro\7. Retele Complet Convolutionale\Date radiografii pulmonare\segmentari\plamanul stang\MCUCXR_0087_0.png
D:\work\03_intership\AI intro\7. Retele Complet Convolutionale\Date radiografii pulmonare\imagini\MCUCXR_0089_0.png,D:\work\03_intership\AI intro\7. Retele Complet Convolutionale\Date radiografii pulmonare\segmentari\plamanul drept\MCUCXR_0089_0.png,D:\work\03_intership\AI intro\7. Retele Complet Convolutionale\Date radiografii pulmonare\segmentari\plamanul stang\MCUCXR_0089_0.png
D:\work\03_intership\AI intro\7. Retele Complet Convolutionale\Date radiografii pulmonare\imagini\MCUCXR_0090_0.png,D:\work\03_intership\AI intro\7. Retele Complet Convolutionale\Date radiografii pulmonare\segmentari\plamanul drept\MCUCXR_0090_0.png,D:\work\03_intership\AI intro\7. Retele Complet Convolutionale\Date radiografii pulmonare\segmentari\plamanul stang\MCUCXR_0090_0.png
D:\work\03_intership\AI intro\7. Retele Complet Convolutionale\Date radiografii pulmonare\imagini\MCUCXR_0091_0.png,D:\work\03_intership\AI intro\7. Retele Complet Convolutionale\Date radiografii pulmonare\segmentari\plamanul drept\MCUCXR_0091_0.png,D:\work\03_intership\AI intro\7. Retele Complet Convolutionale\Date radiografii pulmonare\segmentari\plamanul stang\MCUCXR_0091_0.png
D:\work\03_intership\AI intro\7. Retele Complet Convolutionale\Date radiografii pulmonare\imagini\MCUCXR_0092_0.png,D:\work\03_intership\AI intro\7. Retele Complet Convolutionale\Date radiografii pulmonare\segmentari\plamanul drept\MCUCXR_0092_0.png,D:\work\03_intership\AI intro\7. Retele Complet Convolutionale\Date radiografii pulmonare\segmentari\plamanul stang\MCUCXR_0092_0.png
D:\work\03_intership\AI intro\7. Retele Complet Convolutionale\Date radiografii pulmonare\imagini\MCUCXR_0094_0.png,D:\work\03_intership\AI intro\7. Retele Complet Convolutionale\Date radiografii pulmonare\segmentari\plamanul drept\MCUCXR_0094_0.png,D:\work\03_intership\AI intro\7. Retele Complet Convolutionale\Date radiografii pulmonare\segmentari\plamanul stang\MCUCXR_0094_0.png
D:\work\03_intership\AI intro\7. Retele Complet Convolutionale\Date radiografii pulmonare\imagini\MCUCXR_0095_0.png,D:\work\03_intership\AI intro\7. Retele Complet Convolutionale\Date radiografii pulmonare\segmentari\plamanul drept\MCUCXR_0095_0.png,D:\work\03_intership\AI intro\7. Retele Complet Convolutionale\Date radiografii pulmonare\segmentari\plamanul stang\MCUCXR_0095_0.png
D:\work\03_intership\AI intro\7. Retele Complet Convolutionale\Date radiografii pulmonare\imagini\MCUCXR_0096_0.png,D:\work\03_intership\AI intro\7. Retele Complet Convolutionale\Date radiografii pulmonare\segmentari\plamanul drept\MCUCXR_0096_0.png,D:\work\03_intership\AI intro\7. Retele Complet Convolutionale\Date radiografii pulmonare\segmentari\plamanul stang\MCUCXR_0096_0.png
D:\work\03_intership\AI intro\7. Retele Complet Convolutionale\Date radiografii pulmonare\imagini\MCUCXR_0097_0.png,D:\work\03_intership\AI intro\7. Retele Complet Convolutionale\Date radiografii pulmonare\segmentari\plamanul drept\MCUCXR_0097_0.png,D:\work\03_intership\AI intro\7. Retele Complet Convolutionale\Date radiografii pulmonare\segmentari\plamanul stang\MCUCXR_0097_0.png
D:\work\03_intership\AI intro\7. Retele Complet Convolutionale\Date radiografii pulmonare\imagini\MCUCXR_0099_0.png,D:\work\03_intership\AI intro\7. Retele Complet Convolutionale\Date radiografii pulmonare\segmentari\plamanul drept\MCUCXR_0099_0.png,D:\work\03_intership\AI intro\7. Retele Complet Convolutionale\Date radiografii pulmonare\segmentari\plamanul stang\MCUCXR_0099_0.png
D:\work\03_intership\AI intro\7. Retele Complet Convolutionale\Date radiografii pulmonare\imagini\MCUCXR_0100_0.png,D:\work\03_intership\AI intro\7. Retele Complet Convolutionale\Date radiografii pulmonare\segmentari\plamanul drept\MCUCXR_0100_0.png,D:\work\03_intership\AI intro\7. Retele Complet Convolutionale\Date radiografii pulmonare\segmentari\plamanul stang\MCUCXR_0100_0.png
D:\work\03_intership\AI intro\7. Retele Complet Convolutionale\Date radiografii pulmonare\imagini\MCUCXR_0101_0.png,D:\work\03_intership\AI intro\7. Retele Complet Convolutionale\Date radiografii pulmonare\segmentari\plamanul drept\MCUCXR_0101_0.png,D:\work\03_intership\AI intro\7. Retele Complet Convolutionale\Date radiografii pulmonare\segmentari\plamanul stang\MCUCXR_0101_0.png
D:\work\03_intership\AI intro\7. Retele Complet Convolutionale\Date radiografii pulmonare\imagini\MCUCXR_0102_0.png,D:\work\03_intership\AI intro\7. Retele Complet Convolutionale\Date radiografii pulmonare\segmentari\plamanul drept\MCUCXR_0102_0.png,D:\work\03_intership\AI intro\7. Retele Complet Convolutionale\Date radiografii pulmonare\segmentari\plamanul stang\MCUCXR_0102_0.png
D:\work\03_intership\AI intro\7. Retele Complet Convolutionale\Date radiografii pulmonare\imagini\MCUCXR_0103_0.png,D:\work\03_intership\AI intro\7. Retele Complet Convolutionale\Date radiografii pulmonare\segmentari\plamanul drept\MCUCXR_0103_0.png,D:\work\03_intership\AI intro\7. Retele Complet Convolutionale\Date radiografii pulmonare\segmentari\plamanul stang\MCUCXR_0103_0.png
D:\work\03_intership\AI intro\7. Retele Complet Convolutionale\Date radiografii pulmonare\imagini\MCUCXR_0104_1.png,D:\work\03_intership\AI intro\7. Retele Complet Convolutionale\Date radiografii pulmonare\segmentari\plamanul drept\MCUCXR_0104_1.png,D:\work\03_intership\AI intro\7. Retele Complet Convolutionale\Date radiografii pulmonare\segmentari\plamanul stang\MCUCXR_0104_1.png
D:\work\03_intership\AI intro\7. Retele Complet Convolutionale\Date radiografii pulmonare\imagini\MCUCXR_0108_1.png,D:\work\03_intership\AI intro\7. Retele Complet Convolutionale\Date radiografii pulmonare\segmentari\plamanul drept\MCUCXR_0108_1.png,D:\work\03_intership\AI intro\7. Retele Complet Convolutionale\Date radiografii pulmonare\segmentari\plamanul stang\MCUCXR_0108_1.png
D:\work\03_intership\AI intro\7. Retele Complet Convolutionale\Date radiografii pulmonare\imagini\MCUCXR_0113_1.png,D:\work\03_intership\AI intro\7. Retele Complet Convolutionale\Date radiografii pulmonare\segmentari\plamanul drept\MCUCXR_0113_1.png,D:\work\03_intership\AI intro\7. Retele Complet Convolutionale\Date radiografii pulmonare\segmentari\plamanul stang\MCUCXR_0113_1.png
D:\work\03_intership\AI intro\7. Retele Complet Convolutionale\Date radiografii pulmonare\imagini\MCUCXR_0117_1.png,D:\work\03_intership\AI intro\7. Retele Complet Convolutionale\Date radiografii pulmonare\segmentari\plamanul drept\MCUCXR_0117_1.png,D:\work\03_intership\AI intro\7. Retele Complet Convolutionale\Date radiografii pulmonare\segmentari\plamanul stang\MCUCXR_0117_1.png
D:\work\03_intership\AI intro\7. Retele Complet Convolutionale\Date radiografii pulmonare\imagini\MCUCXR_0126_1.png,D:\work\03_intership\AI intro\7. Retele Complet Convolutionale\Date radiografii pulmonare\segmentari\plamanul drept\MCUCXR_0126_1.png,D:\work\03_intership\AI intro\7. Retele Complet Convolutionale\Date radiografii pulmonare\segmentari\plamanul stang\MCUCXR_0126_1.png
D:\work\03_intership\AI intro\7. Retele Complet Convolutionale\Date radiografii pulmonare\imagini\MCUCXR_0140_1.png,D:\work\03_intership\AI intro\7. Retele Complet Convolutionale\Date radiografii pulmonare\segmentari\plamanul drept\MCUCXR_0140_1.png,D:\work\03_intership\AI intro\7. Retele Complet Convolutionale\Date radiografii pulmonare\segmentari\plamanul stang\MCUCXR_0140_1.png
D:\work\03_intership\AI intro\7. Retele Complet Convolutionale\Date radiografii pulmonare\imagini\MCUCXR_0141_1.png,D:\work\03_intership\AI intro\7. Retele Complet Convolutionale\Date radiografii pulmonare\segmentari\plamanul drept\MCUCXR_0141_1.png,D:\work\03_intership\AI intro\7. Retele Complet Convolutionale\Date radiografii pulmonare\segmentari\plamanul stang\MCUCXR_0141_1.png
D:\work\03_intership\AI intro\7. Retele Complet Convolutionale\Date radiografii pulmonare\imagini\MCUCXR_0142_1.png,D:\work\03_intership\AI intro\7. Retele Complet Convolutionale\Date radiografii pulmonare\segmentari\plamanul drept\MCUCXR_0142_1.png,D:\work\03_intership\AI intro\7. Retele Complet Convolutionale\Date radiografii pulmonare\segmentari\plamanul stang\MCUCXR_0142_1.png
D:\work\03_intership\AI intro\7. Retele Complet Convolutionale\Date radiografii pulmonare\imagini\MCUCXR_0144_1.png,D:\work\03_intership\AI intro\7. Retele Complet Convolutionale\Date radiografii pulmonare\segmentari\plamanul drept\MCUCXR_0144_1.png,D:\work\03_intership\AI intro\7. Retele Complet Convolutionale\Date radiografii pulmonare\segmentari\plamanul stang\MCUCXR_0144_1.png
D:\work\03_intership\AI intro\7. Retele Complet Convolutionale\Date radiografii pulmonare\imagini\MCUCXR_0150_1.png,D:\work\03_intership\AI intro\7. Retele Complet Convolutionale\Date radiografii pulmonare\segmentari\plamanul drept\MCUCXR_0150_1.png,D:\work\03_intership\AI intro\7. Retele Complet Convolutionale\Date radiografii pulmonare\segmentari\plamanul stang\MCUCXR_0150_1.png
D:\work\03_intership\AI intro\7. Retele Complet Convolutionale\Date radiografii pulmonare\imagini\MCUCXR_0162_1.png,D:\work\03_intership\AI intro\7. Retele Complet Convolutionale\Date radiografii pulmonare\segmentari\plamanul drept\MCUCXR_0162_1.png,D:\work\03_intership\AI intro\7. Retele Complet Convolutionale\Date radiografii pulmonare\segmentari\plamanul stang\MCUCXR_0162_1.png
D:\work\03_intership\AI intro\7. Retele Complet Convolutionale\Date radiografii pulmonare\imagini\MCUCXR_0166_1.png,D:\work\03_intership\AI intro\7. Retele Complet Convolutionale\Date radiografii pulmonare\segmentari\plamanul drept\MCUCXR_0166_1.png,D:\work\03_intership\AI intro\7. Retele Complet Convolutionale\Date radiografii pulmonare\segmentari\plamanul stang\MCUCXR_0166_1.png
D:\work\03_intership\AI intro\7. Retele Complet Convolutionale\Date radiografii pulmonare\imagini\MCUCXR_0170_1.png,D:\work\03_intership\AI intro\7. Retele Complet Convolutionale\Date radiografii pulmonare\segmentari\plamanul drept\MCUCXR_0170_1.png,D:\work\03_intership\AI intro\7. Retele Complet Convolutionale\Date radiografii pulmonare\segmentari\plamanul stang\MCUCXR_0170_1.png
D:\work\03_intership\AI intro\7. Retele Complet Convolutionale\Date radiografii pulmonare\imagini\MCUCXR_0173_1.png,D:\work\03_intership\AI intro\7. Retele Complet Convolutionale\Date radiografii pulmonare\segmentari\plamanul drept\MCUCXR_0173_1.png,D:\work\03_intership\AI intro\7. Retele Complet Convolutionale\Date radiografii pulmonare\segmentari\plamanul stang\MCUCXR_0173_1.png
D:\work\03_intership\AI intro\7. Retele Complet Convolutionale\Date radiografii pulmonare\imagini\MCUCXR_0182_1.png,D:\work\03_intership\AI intro\7. Retele Complet Convolutionale\Date radiografii pulmonare\segmentari\plamanul drept\MCUCXR_0182_1.png,D:\work\03_intership\AI intro\7. Retele Complet Convolutionale\Date radiografii pulmonare\segmentari\plamanul stang\MCUCXR_0182_1.png
D:\work\03_intership\AI intro\7. Retele Complet Convolutionale\Date radiografii pulmonare\imagini\MCUCXR_0188_1.png,D:\work\03_intership\AI intro\7. Retele Complet Convolutionale\Date radiografii pulmonare\segmentari\plamanul drept\MCUCXR_0188_1.png,D:\work\03_intership\AI intro\7. Retele Complet Convolutionale\Date radiografii pulmonare\segmentari\plamanul stang\MCUCXR_0188_1.png
D:\work\03_intership\AI intro\7. Retele Complet Convolutionale\Date radiografii pulmonare\imagini\MCUCXR_0194_1.png,D:\work\03_intership\AI intro\7. Retele Complet Convolutionale\Date radiografii pulmonare\segmentari\plamanul drept\MCUCXR_0194_1.png,D:\work\03_intership\AI intro\7. Retele Complet Convolutionale\Date radiografii pulmonare\segmentari\plamanul stang\MCUCXR_0194_1.png
D:\work\03_intership\AI intro\7. Retele Complet Convolutionale\Date radiografii pulmonare\imagini\MCUCXR_0195_1.png,D:\work\03_intership\AI intro\7. Retele Complet Convolutionale\Date radiografii pulmonare\segmentari\plamanul drept\MCUCXR_0195_1.png,D:\work\03_intership\AI intro\7. Retele Complet Convolutionale\Date radiografii pulmonare\segmentari\plamanul stang\MCUCXR_0195_1.png
D:\work\03_intership\AI intro\7. Retele Complet Convolutionale\Date radiografii pulmonare\imagini\MCUCXR_0196_1.png,D:\work\03_intership\AI intro\7. Retele Complet Convolutionale\Date radiografii pulmonare\segmentari\plamanul drept\MCUCXR_0196_1.png,D:\work\03_intership\AI intro\7. Retele Complet Convolutionale\Date radiografii pulmonare\segmentari\plamanul stang\MCUCXR_0196_1.png
D:\work\03_intership\AI intro\7. Retele Complet Convolutionale\Date radiografii pulmonare\imagini\MCUCXR_0203_1.png,D:\work\03_intership\AI intro\7. Retele Complet Convolutionale\Date radiografii pulmonare\segmentari\plamanul drept\MCUCXR_0203_1.png,D:\work\03_intership\AI intro\7. Retele Complet Convolutionale\Date radiografii pulmonare\segmentari\plamanul stang\MCUCXR_0203_1.png
D:\work\03_intership\AI intro\7. Retele Complet Convolutionale\Date radiografii pulmonare\imagini\MCUCXR_0213_1.png,D:\work\03_intership\AI intro\7. Retele Complet Convolutionale\Date radiografii pulmonare\segmentari\plamanul drept\MCUCXR_0213_1.png,D:\work\03_intership\AI intro\7. Retele Complet Convolutionale\Date radiografii pulmonare\segmentari\plamanul stang\MCUCXR_0213_1.png
D:\work\03_intership\AI intro\7. Retele Complet Convolutionale\Date radiografii pulmonare\imagini\MCUCXR_0218_1.png,D:\work\03_intership\AI intro\7. Retele Complet Convolutionale\Date radiografii pulmonare\segmentari\plamanul drept\MCUCXR_0218_1.png,D:\work\03_intership\AI intro\7. Retele Complet Convolutionale\Date radiografii pulmonare\segmentari\plamanul stang\MCUCXR_0218_1.png
D:\work\03_intership\AI intro\7. Retele Complet Convolutionale\Date radiografii pulmonare\imagini\MCUCXR_0223_1.png,D:\work\03_intership\AI intro\7. Retele Complet Convolutionale\Date radiografii pulmonare\segmentari\plamanul drept\MCUCXR_0223_1.png,D:\work\03_intership\AI intro\7. Retele Complet Convolutionale\Date radiografii pulmonare\segmentari\plamanul stang\MCUCXR_0223_1.png
D:\work\03_intership\AI intro\7. Retele Complet Convolutionale\Date radiografii pulmonare\imagini\MCUCXR_0228_1.png,D:\work\03_intership\AI intro\7. Retele Complet Convolutionale\Date radiografii pulmonare\segmentari\plamanul drept\MCUCXR_0228_1.png,D:\work\03_intership\AI intro\7. Retele Complet Convolutionale\Date radiografii pulmonare\segmentari\plamanul stang\MCUCXR_0228_1.png
D:\work\03_intership\AI intro\7. Retele Complet Convolutionale\Date radiografii pulmonare\imagini\MCUCXR_0243_1.png,D:\work\03_intership\AI intro\7. Retele Complet Convolutionale\Date radiografii pulmonare\segmentari\plamanul drept\MCUCXR_0243_1.png,D:\work\03_intership\AI intro\7. Retele Complet Convolutionale\Date radiografii pulmonare\segmentari\plamanul stang\MCUCXR_0243_1.png
D:\work\03_intership\AI intro\7. Retele Complet Convolutionale\Date radiografii pulmonare\imagini\MCUCXR_0251_1.png,D:\work\03_intership\AI intro\7. Retele Complet Convolutionale\Date radiografii pulmonare\segmentari\plamanul drept\MCUCXR_0251_1.png,D:\work\03_intership\AI intro\7. Retele Complet Convolutionale\Date radiografii pulmonare\segmentari\plamanul stang\MCUCXR_0251_1.png
D:\work\03_intership\AI intro\7. Retele Complet Convolutionale\Date radiografii pulmonare\imagini\MCUCXR_0253_1.png,D:\work\03_intership\AI intro\7. Retele Complet Convolutionale\Date radiografii pulmonare\segmentari\plamanul drept\MCUCXR_0253_1.png,D:\work\03_intership\AI intro\7. Retele Complet Convolutionale\Date radiografii pulmonare\segmentari\plamanul stang\MCUCXR_0253_1.png
D:\work\03_intership\AI intro\7. Retele Complet Convolutionale\Date radiografii pulmonare\imagini\MCUCXR_0254_1.png,D:\work\03_intership\AI intro\7. Retele Complet Convolutionale\Date radiografii pulmonare\segmentari\plamanul drept\MCUCXR_0254_1.png,D:\work\03_intership\AI intro\7. Retele Complet Convolutionale\Date radiografii pulmonare\segmentari\plamanul stang\MCUCXR_0254_1.png
D:\work\03_intership\AI intro\7. Retele Complet Convolutionale\Date radiografii pulmonare\imagini\MCUCXR_0255_1.png,D:\work\03_intership\AI intro\7. Retele Complet Convolutionale\Date radiografii pulmonare\segmentari\plamanul drept\MCUCXR_0255_1.png,D:\work\03_intership\AI intro\7. Retele Complet Convolutionale\Date radiografii pulmonare\segmentari\plamanul stang\MCUCXR_0255_1.png
D:\work\03_intership\AI intro\7. Retele Complet Convolutionale\Date radiografii pulmonare\imagini\MCUCXR_0258_1.png,D:\work\03_intership\AI intro\7. Retele Complet Convolutionale\Date radiografii pulmonare\segmentari\plamanul drept\MCUCXR_0258_1.png,D:\work\03_intership\AI intro\7. Retele Complet Convolutionale\Date radiografii pulmonare\segmentari\plamanul stang\MCUCXR_0258_1.png
D:\work\03_intership\AI intro\7. Retele Complet Convolutionale\Date radiografii pulmonare\imagini\MCUCXR_0264_1.png,D:\work\03_intership\AI intro\7. Retele Complet Convolutionale\Date radiografii pulmonare\segmentari\plamanul drept\MCUCXR_0264_1.png,D:\work\03_intership\AI intro\7. Retele Complet Convolutionale\Date radiografii pulmonare\segmentari\plamanul stang\MCUCXR_0264_1.png
D:\work\03_intership\AI intro\7. Retele Complet Convolutionale\Date radiografii pulmonare\imagini\MCUCXR_0266_1.png,D:\work\03_intership\AI intro\7. Retele Complet Convolutionale\Date radiografii pulmonare\segmentari\plamanul drept\MCUCXR_0266_1.png,D:\work\03_intership\AI intro\7. Retele Complet Convolutionale\Date radiografii pulmonare\segmentari\plamanul stang\MCUCXR_0266_1.png
D:\work\03_intership\AI intro\7. Retele Complet Convolutionale\Date radiografii pulmonare\imagini\MCUCXR_0275_1.png,D:\work\03_intership\AI intro\7. Retele Complet Convolutionale\Date radiografii pulmonare\segmentari\plamanul drept\MCUCXR_0275_1.png,D:\work\03_intership\AI intro\7. Retele Complet Convolutionale\Date radiografii pulmonare\segmentari\plamanul stang\MCUCXR_0275_1.png
D:\work\03_intership\AI intro\7. Retele Complet Convolutionale\Date radiografii pulmonare\imagini\MCUCXR_0282_1.png,D:\work\03_intership\AI intro\7. Retele Complet Convolutionale\Date radiografii pulmonare\segmentari\plamanul drept\MCUCXR_0282_1.png,D:\work\03_intership\AI intro\7. Retele Complet Convolutionale\Date radiografii pulmonare\segmentari\plamanul stang\MCUCXR_0282_1.png
D:\work\03_intership\AI intro\7. Retele Complet Convolutionale\Date radiografii pulmonare\imagini\MCUCXR_0289_1.png,D:\work\03_intership\AI intro\7. Retele Complet Convolutionale\Date radiografii pulmonare\segmentari\plamanul drept\MCUCXR_0289_1.png,D:\work\03_intership\AI intro\7. Retele Complet Convolutionale\Date radiografii pulmonare\segmentari\plamanul stang\MCUCXR_0289_1.png
D:\work\03_intership\AI intro\7. Retele Complet Convolutionale\Date radiografii pulmonare\imagini\MCUCXR_0294_1.png,D:\work\03_intership\AI intro\7. Retele Complet Convolutionale\Date radiografii pulmonare\segmentari\plamanul drept\MCUCXR_0294_1.png,D:\work\03_intership\AI intro\7. Retele Complet Convolutionale\Date radiografii pulmonare\segmentari\plamanul stang\MCUCXR_0294_1.png
D:\work\03_intership\AI intro\7. Retele Complet Convolutionale\Date radiografii pulmonare\imagini\MCUCXR_0301_1.png,D:\work\03_intership\AI intro\7. Retele Complet Convolutionale\Date radiografii pulmonare\segmentari\plamanul drept\MCUCXR_0301_1.png,D:\work\03_intership\AI intro\7. Retele Complet Convolutionale\Date radiografii pulmonare\segmentari\plamanul stang\MCUCXR_0301_1.png
D:\work\03_intership\AI intro\7. Retele Complet Convolutionale\Date radiografii pulmonare\imagini\MCUCXR_0309_1.png,D:\work\03_intership\AI intro\7. Retele Complet Convolutionale\Date radiografii pulmonare\segmentari\plamanul drept\MCUCXR_0309_1.png,D:\work\03_intership\AI intro\7. Retele Complet Convolutionale\Date radiografii pulmonare\segmentari\plamanul stang\MCUCXR_0309_1.png
D:\work\03_intership\AI intro\7. Retele Complet Convolutionale\Date radiografii pulmonare\imagini\MCUCXR_0311_1.png,D:\work\03_intership\AI intro\7. Retele Complet Convolutionale\Date radiografii pulmonare\segmentari\plamanul drept\MCUCXR_0311_1.png,D:\work\03_intership\AI intro\7. Retele Complet Convolutionale\Date radiografii pulmonare\segmentari\plamanul stang\MCUCXR_0311_1.png
D:\work\03_intership\AI intro\7. Retele Complet Convolutionale\Date radiografii pulmonare\imagini\MCUCXR_0313_1.png,D:\work\03_intership\AI intro\7. Retele Complet Convolutionale\Date radiografii pulmonare\segmentari\plamanul drept\MCUCXR_0313_1.png,D:\work\03_intership\AI intro\7. Retele Complet Convolutionale\Date radiografii pulmonare\segmentari\plamanul stang\MCUCXR_0313_1.png
D:\work\03_intership\AI intro\7. Retele Complet Convolutionale\Date radiografii pulmonare\imagini\MCUCXR_0316_1.png,D:\work\03_intership\AI intro\7. Retele Complet Convolutionale\Date radiografii pulmonare\segmentari\plamanul drept\MCUCXR_0316_1.png,D:\work\03_intership\AI intro\7. Retele Complet Convolutionale\Date radiografii pulmonare\segmentari\plamanul stang\MCUCXR_0316_1.png
D:\work\03_intership\AI intro\7. Retele Complet Convolutionale\Date radiografii pulmonare\imagini\MCUCXR_0331_1.png,D:\work\03_intership\AI intro\7. Retele Complet Convolutionale\Date radiografii pulmonare\segmentari\plamanul drept\MCUCXR_0331_1.png,D:\work\03_intership\AI intro\7. Retele Complet Convolutionale\Date radiografii pulmonare\segmentari\plamanul stang\MCUCXR_0331_1.png
D:\work\03_intership\AI intro\7. Retele Complet Convolutionale\Date radiografii pulmonare\imagini\MCUCXR_0334_1.png,D:\work\03_intership\AI intro\7. Retele Complet Convolutionale\Date radiografii pulmonare\segmentari\plamanul drept\MCUCXR_0334_1.png,D:\work\03_intership\AI intro\7. Retele Complet Convolutionale\Date radiografii pulmonare\segmentari\plamanul stang\MCUCXR_0334_1.png
D:\work\03_intership\AI intro\7. Retele Complet Convolutionale\Date radiografii pulmonare\imagini\MCUCXR_0338_1.png,D:\work\03_intership\AI intro\7. Retele Complet Convolutionale\Date radiografii pulmonare\segmentari\plamanul drept\MCUCXR_0338_1.png,D:\work\03_intership\AI intro\7. Retele Complet Convolutionale\Date radiografii pulmonare\segmentari\plamanul stang\MCUCXR_0338_1.png
D:\work\03_intership\AI intro\7. Retele Complet Convolutionale\Date radiografii pulmonare\imagini\MCUCXR_0348_1.png,D:\work\03_intership\AI intro\7. Retele Complet Convolutionale\Date radiografii pulmonare\segmentari\plamanul drept\MCUCXR_0348_1.png,D:\work\03_intership\AI intro\7. Retele Complet Convolutionale\Date radiografii pulmonare\segmentari\plamanul stang\MCUCXR_0348_1.png
D:\work\03_intership\AI intro\7. Retele Complet Convolutionale\Date radiografii pulmonare\imagini\MCUCXR_0350_1.png,D:\work\03_intership\AI intro\7. Retele Complet Convolutionale\Date radiografii pulmonare\segmentari\plamanul drept\MCUCXR_0350_1.png,D:\work\03_intership\AI intro\7. Retele Complet Convolutionale\Date radiografii pulmonare\segmentari\plamanul stang\MCUCXR_0350_1.png
D:\work\03_intership\AI intro\7. Retele Complet Convolutionale\Date radiografii pulmonare\imagini\MCUCXR_0352_1.png,D:\work\03_intership\AI intro\7. Retele Complet Convolutionale\Date radiografii pulmonare\segmentari\plamanul drept\MCUCXR_0352_1.png,D:\work\03_intership\AI intro\7. Retele Complet Convolutionale\Date radiografii pulmonare\segmentari\plamanul stang\MCUCXR_0352_1.png
D:\work\03_intership\AI intro\7. Retele Complet Convolutionale\Date radiografii pulmonare\imagini\MCUCXR_0354_1.png,D:\work\03_intership\AI intro\7. Retele Complet Convolutionale\Date radiografii pulmonare\segmentari\plamanul drept\MCUCXR_0354_1.png,D:\work\03_intership\AI intro\7. Retele Complet Convolutionale\Date radiografii pulmonare\segmentari\plamanul stang\MCUCXR_0354_1.png
D:\work\03_intership\AI intro\7. Retele Complet Convolutionale\Date radiografii pulmonare\imagini\MCUCXR_0362_1.png,D:\work\03_intership\AI intro\7. Retele Complet Convolutionale\Date radiografii pulmonare\segmentari\plamanul drept\MCUCXR_0362_1.png,D:\work\03_intership\AI intro\7. Retele Complet Convolutionale\Date radiografii pulmonare\segmentari\plamanul stang\MCUCXR_0362_1.png
D:\work\03_intership\AI intro\7. Retele Complet Convolutionale\Date radiografii pulmonare\imagini\MCUCXR_0367_1.png,D:\work\03_intership\AI intro\7. Retele Complet Convolutionale\Date radiografii pulmonare\segmentari\plamanul drept\MCUCXR_0367_1.png,D:\work\03_intership\AI intro\7. Retele Complet Convolutionale\Date radiografii pulmonare\segmentari\plamanul stang\MCUCXR_0367_1.png
D:\work\03_intership\AI intro\7. Retele Complet Convolutionale\Date radiografii pulmonare\imagini\MCUCXR_0369_1.png,D:\work\03_intership\AI intro\7. Retele Complet Convolutionale\Date radiografii pulmonare\segmentari\plamanul drept\MCUCXR_0369_1.png,D:\work\03_intership\AI intro\7. Retele Complet Convolutionale\Date radiografii pulmonare\segmentari\plamanul stang\MCUCXR_0369_1.png
D:\work\03_intership\AI intro\7. Retele Complet Convolutionale\Date radiografii pulmonare\imagini\MCUCXR_0372_1.png,D:\work\03_intership\AI intro\7. Retele Complet Convolutionale\Date radiografii pulmonare\segmentari\plamanul drept\MCUCXR_0372_1.png,D:\work\03_intership\AI intro\7. Retele Complet Convolutionale\Date radiografii pulmonare\segmentari\plamanul stang\MCUCXR_0372_1.png
D:\work\03_intership\AI intro\7. Retele Complet Convolutionale\Date radiografii pulmonare\imagini\MCUCXR_0375_1.png,D:\work\03_intership\AI intro\7. Retele Complet Convolutionale\Date radiografii pulmonare\segmentari\plamanul drept\MCUCXR_0375_1.png,D:\work\03_intership\AI intro\7. Retele Complet Convolutionale\Date radiografii pulmonare\segmentari\plamanul stang\MCUCXR_0375_1.png
D:\work\03_intership\AI intro\7. Retele Complet Convolutionale\Date radiografii pulmonare\imagini\MCUCXR_0383_1.png,D:\work\03_intership\AI intro\7. Retele Complet Convolutionale\Date radiografii pulmonare\segmentari\plamanul drept\MCUCXR_0383_1.png,D:\work\03_intership\AI intro\7. Retele Complet Convolutionale\Date radiografii pulmonare\segmentari\plamanul stang\MCUCXR_0383_1.png
D:\work\03_intership\AI intro\7. Retele Complet Convolutionale\Date radiografii pulmonare\imagini\MCUCXR_0387_1.png,D:\work\03_intership\AI intro\7. Retele Complet Convolutionale\Date radiografii pulmonare\segmentari\plamanul drept\MCUCXR_0387_1.png,D:\work\03_intership\AI intro\7. Retele Complet Convolutionale\Date radiografii pulmonare\segmentari\plamanul stang\MCUCXR_0387_1.png
D:\work\03_intership\AI intro\7. Retele Complet Convolutionale\Date radiografii pulmonare\imagini\MCUCXR_0390_1.png,D:\work\03_intership\AI intro\7. Retele Complet Convolutionale\Date radiografii pulmonare\segmentari\plamanul drept\MCUCXR_0390_1.png,D:\work\03_intership\AI intro\7. Retele Complet Convolutionale\Date radiografii pulmonare\segmentari\plamanul stang\MCUCXR_0390_1.png
D:\work\03_intership\AI intro\7. Retele Complet Convolutionale\Date radiografii pulmonare\imagini\MCUCXR_0393_1.png,D:\work\03_intership\AI intro\7. Retele Complet Convolutionale\Date radiografii pulmonare\segmentari\plamanul drept\MCUCXR_0393_1.png,D:\work\03_intership\AI intro\7. Retele Complet Convolutionale\Date radiografii pulmonare\segmentari\plamanul stang\MCUCXR_0393_1.png
D:\work\03_intership\AI intro\7. Retele Complet Convolutionale\Date radiografii pulmonare\imagini\MCUCXR_0399_1.png,D:\work\03_intership\AI intro\7. Retele Complet Convolutionale\Date radiografii pulmonare\segmentari\plamanul drept\MCUCXR_0399_1.png,D:\work\03_intership\AI intro\7. Retele Complet Convolutionale\Date radiografii pulmonare\segmentari\plamanul stang\MCUCXR_0399_1.png
